,ISO,Country,MPI Urban,Headcount Ratio Urban,Intensity of Deprivation Urban,MPI Rural,Headcount Ratio Rural,Intensity of Deprivation Rural,first name
0,KAZ,Kazakhstan,0.0,0.0,33.3,0.0,0.09,33.3,Kazakhstan
1,SRB,Serbia,,0.1,41.4,0.002,0.5,40.3,Serbia
2,KGZ,Kyrgyzstan,,0.1,40.2,0.003,0.7,37.1,Kyrgyzstan
3,TUN,Tunisia,,0.1,35.6,0.012,3.18,38.7,Tunisia
4,ARM,Armenia,0.001,0.2,33.3,0.001,0.39,36.9,Armenia
5,MKD,"Macedonia, The former Yugoslav Republic of",0.001,0.3,36.3,0.004,1.17,35.5,"Macedonia,"
6,TKM,Turkmenistan,0.001,0.4,33.9,0.001,0.32,34.3,Turkmenistan
7,MDA,"Moldova, Republic of",0.001,0.3,42.2,0.003,1.01,34.7,"Moldova,"
8,GUY,Guyana,0.001,0.4,38.2,0.017,4.25,40.4,Guyana
9,MNE,Montenegro,0.002,0.4,47.2,0.0,0.09,41.1,Montenegro
10,LCA,Saint Lucia,0.002,0.5,36.7,0.004,1.05,35.2,Saint
11,MEX,Mexico,0.002,0.5,38.0,0.013999999999999999,3.37,41.1,Mexico
12,THA,Thailand,0.002,0.6,37.1,0.004,1.07,36.5,Thailand
13,BIH,Bosnia and Herzegovina,0.002,0.6,,0.002,0.44,38.0,Bosnia
14,DZA,Algeria,0.003,0.7,36.9,0.011000000000000001,2.7,40.0,Algeria
15,ALB,Albania,0.003,0.8,37.7,0.006999999999999999,1.87,37.7,Albania
16,UKR,Ukraine,0.003,1.0,33.7,0.006,1.77,36.3,Ukraine
17,BRB,Barbados,0.004,1.1,34.2,0.002,0.57,34.3,Barbados
18,UZB,Uzbekistan,0.004,1.1,33.9,0.01,2.86,36.6,Uzbekistan
19,PSE,"Palestine, State ofa",0.004,1.1,38.5,0.003,0.88,36.2,Palestine
20,JAM,Jamaica,0.004,1.1,40.0,0.01,2.49,38.7,Jamaica
21,ECU,Ecuador,0.005,1.5,36.5,0.03,7.68,39.3,Ecuador
22,MDV,Maldives,0.005,1.6,33.3,0.024,6.76,35.8,Maldives
23,JOR,Jordan,0.006,1.7,34.7,0.006999999999999999,1.81,36.2,Jordan
24,BLZ,Belize,0.006,1.6,37.9,0.027999999999999997,6.98,39.9,Belize
25,CHN,China,0.006999999999999999,1.9,38.9,0.027999999999999997,6.74,42.1,China
26,EGY,Egypt,0.008,2.1,36.8,0.017,4.39,38.5,Egypt
27,SUR,Suriname,0.008,2.3,36.7,0.063,14.85,42.3,Suriname
28,COL,Colombia,0.009000000000000001,2.3,37.2,0.061,14.44,42.6,Colombia
29,MAR,Morocco,0.009000000000000001,2.4,36.2,0.139,31.21,44.4,Morocco
30,AZE,Azerbaijan,0.009000000000000001,2.5,37.1,0.035,8.8,40.2,Azerbaijan
31,SLV,El Salvador,0.01,2.4,40.3,0.052000000000000005,12.51,41.8,El
32,MNG,Mongolia,0.01,2.8,36.4,0.09300000000000001,22.24,42.0,Mongolia
33,SYR,Syrian Arab Republic,0.011000000000000001,3.0,35.5,0.023,6.02,38.5,Syrian
34,PER,Peru,0.011000000000000001,2.9,38.6,0.113,27.13,41.6,Peru
35,VNM,Viet Nam,0.013000000000000001,3.6,36.9,0.036000000000000004,8.79,41.4,Viet
36,ZAF,South Africa,0.013999999999999999,3.6,37.4,0.068,17.17,39.7,South
37,NIC,Nicaragua,0.015,3.8,40.0,0.15,32.81,45.8,Nicaragua
38,BRA,Brazil,0.016,4.1,38.3,0.054000000000000006,11.96,45.1,Brazil
39,TTO,Trinidad and Tobago,0.018000000000000002,5.4,33.6,,5.66,35.4,Trinidad
40,BTN,Bhutan,0.019,4.7,39.5,0.159,35.98,44.2,Bhutan
41,BOL,"Bolivia, Plurinational State of",0.019,4.9,39.4,0.191,42.98,44.4,"Bolivia,"
42,TJK,Tajikistan,0.02,5.5,36.3,0.065,15.63,41.3,Tajikistan
43,SWZ,Swaziland,0.02,5.2,39.4,0.083,19.84,41.7,Swaziland
44,HND,Honduras,0.022000000000000002,5.2,41.6,0.11900000000000001,25.67,46.5,Honduras
45,IRQ,Iraq,0.027999999999999997,7.7,36.0,0.083,20.48,40.6,Iraq
46,KHM,Cambodia,0.027999999999999997,7.1,39.4,0.16899999999999998,38.06,44.5,Cambodia
47,DOM,Dominican Republic,0.028999999999999998,7.9,37.2,0.048,11.69,41.0,Dominican
48,NPL,Nepal,0.031,7.0,43.8,0.147,33.13,44.2,Nepal
49,LAO,Lao People's Democratic Republic,0.032,7.4,43.4,0.223,43.32,51.4,Lao
50,ZWE,Zimbabwe,0.034,8.7,39.3,0.20199999999999999,46.27,43.7,Zimbabwe
51,PHL,Philippines,0.035,8.1,42.7,0.068,13.67,49.9,Philippines
52,VUT,Vanuatu,0.039,9.8,39.3,0.155,36.13,43.0,Vanuatu
53,IDN,Indonesia,0.039,10.2,38.7,0.09300000000000001,20.69,45.0,Indonesia
54,MMR,Myanmar,0.04,9.6,41.7,0.168,37.46,44.8,Myanmar
55,LSO,Lesotho,0.044000000000000004,11.0,39.8,0.179,40.43,44.3,Lesotho
56,GAB,Gabon,0.044000000000000004,10.9,40.7,0.209,46.55,44.8,Gabon
57,GTM,Guatemala,0.048,10.7,44.5,0.161,35.05,45.9,Guatemala
58,IND,India,0.064,14.8,43.3,0.25,53.49,46.7,India
59,STP,Sao Tome and Principe,0.067,15.9,42.3,0.11,26.18,42.1,Sao
60,GHA,Ghana,0.075,17.6,42.7,0.235,49.42,47.5,Ghana
61,KEN,Kenya,0.076,17.3,43.6,0.245,51.44,47.5,Kenya
62,YEM,Yemen,0.08,19.0,42.1,0.304,57.72,52.7,Yemen
63,TGO,Togo,0.081,19.6,41.5,0.35600000000000004,68.55,51.9,Togo
64,COM,Comoros,0.084,18.5,45.2,0.213,43.99,48.5,Comoros
65,PAK,Pakistan,0.087,20.0,43.3,0.299,55.7,53.6,Pakistan
66,NAM,Namibia,0.087,20.3,43.0,0.28800000000000003,61.46,46.9,Namibia
67,CMR,Cameroon,0.091,19.9,45.6,0.39299999999999996,70.18,56.0,Cameroon
68,MWI,Malawi,0.098,23.2,42.4,0.27699999999999997,58.9,47.0,Malawi
69,BGD,Bangladesh,0.1,22.5,44.7,0.231,48.21,47.9,Bangladesh
70,COG,"Congo, Republic of",0.105,24.5,42.8,0.316,66.45,47.5,Congo
71,RWA,Rwanda,0.11,24.8,44.2,0.289,59.78,48.4,Rwanda
72,HTI,Haiti,0.11199999999999999,25.2,44.6,0.341,65.9,51.7,Haiti
73,MDG,Madagascar,0.113,24.9,45.3,0.396,73.7,53.8,Madagascar
74,MRT,Mauritania,0.11900000000000001,25.2,47.0,0.413,72.92,56.6,Mauritania
75,TZA,"Tanzania, United Republic of",0.122,27.7,44.3,0.35100000000000003,68.56,51.2,"Tanzania,"
76,DJI,Djibouti,0.127,27.2,46.6,0.44,83.18,52.9,Djibouti
77,ZMB,Zambia,0.13,29.5,44.0,0.38,74.2,51.3,Zambia
78,NGA,Nigeria,0.132,28.1,47.0,0.41600000000000004,69.98,59.5,Nigeria
79,AFG,Afghanistan,0.132,28.8,45.8,0.34700000000000003,64.66,53.6,Afghanistan
80,UGA,Uganda,0.133,29.2,45.5,0.408,77.07,52.9,Uganda
81,SDN,Sudan,0.133,28.7,46.3,0.35600000000000004,64.5,55.1,Sudan
82,SEN,Senegal,0.142,29.7,47.7,0.47200000000000003,81.04,58.3,Senegal
