,ISO,Country,MPI Urban,Headcount Ratio Urban,Intensity of Deprivation Urban,MPI Rural,Headcount Ratio Rural,Intensity of Deprivation Rural,first name
0,KAZ,Kazakhstan,0.0,0.0,33.3,0.0,0.09,33.3,Kazakhstan
1,SRB,Serbia,,0.1,41.4,0.002,0.5,40.3,Serbia
2,KGZ,Kyrgyzstan,,0.1,40.2,0.003,0.7,37.1,Kyrgyzstan
3,TUN,Tunisia,,0.1,35.6,0.012,3.18,38.7,Tunisia
4,ARM,Armenia,0.001,0.2,33.3,0.001,0.39,36.9,Armenia
5,MKD,"Macedonia, The former Yugoslav Republic of",0.001,0.3,36.3,0.004,1.17,35.5,"Macedonia,"
6,TKM,Turkmenistan,0.001,0.4,33.9,0.001,0.32,34.3,Turkmenistan
7,MDA,"Moldova, Republic of",0.001,0.3,42.2,0.003,1.01,34.7,"Moldova,"
8,GUY,Guyana,0.001,0.4,38.2,0.017,4.25,40.4,Guyana
9,MNE,Montenegro,0.002,0.4,47.2,0.0,0.09,41.1,Montenegro
10,LCA,Saint Lucia,0.002,0.5,36.7,0.004,1.05,35.2,Saint
11,MEX,Mexico,0.002,0.5,38.0,0.013999999999999999,3.37,41.1,Mexico
12,THA,Thailand,0.002,0.6,37.1,0.004,1.07,36.5,Thailand
13,BIH,Bosnia and Herzegovina,0.002,0.6,,0.002,0.44,38.0,Bosnia
14,DZA,Algeria,0.003,0.7,36.9,0.011000000000000001,2.7,40.0,Algeria
15,ALB,Albania,0.003,0.8,37.7,0.006999999999999999,1.87,37.7,Albania
16,UKR,Ukraine,0.003,1.0,33.7,0.006,1.77,36.3,Ukraine
17,BRB,Barbados,0.004,1.1,34.2,0.002,0.57,34.3,Barbados
18,UZB,Uzbekistan,0.004,1.1,33.9,0.01,2.86,36.6,Uzbekistan
19,PSE,"Palestine, State ofa",0.004,1.1,38.5,0.003,0.88,36.2,Palestine
20,JAM,Jamaica,0.004,1.1,40.0,0.01,2.49,38.7,Jamaica
21,ECU,Ecuador,0.005,1.5,36.5,0.03,7.68,39.3,Ecuador
22,MDV,Maldives,0.005,1.6,33.3,0.024,6.76,35.8,Maldives
23,JOR,Jordan,0.006,1.7,34.7,0.006999999999999999,1.81,36.2,Jordan
24,BLZ,Belize,0.006,1.6,37.9,0.027999999999999997,6.98,39.9,Belize
25,CHN,China,0.006999999999999999,1.9,38.9,0.027999999999999997,6.74,42.1,China
26,EGY,Egypt,0.008,2.1,36.8,0.017,4.39,38.5,Egypt
27,SUR,Suriname,0.008,2.3,36.7,0.063,14.85,42.3,Suriname
28,COL,Colombia,0.009000000000000001,2.3,37.2,0.061,14.44,42.6,Colombia
29,MAR,Morocco,0.009000000000000001,2.4,36.2,0.139,31.21,44.4,Morocco
30,AZE,Azerbaijan,0.009000000000000001,2.5,37.1,0.035,8.8,40.2,Azerbaijan
31,SLV,El Salvador,0.01,2.4,40.3,0.052000000000000005,12.51,41.8,El
32,MNG,Mongolia,0.01,2.8,36.4,0.09300000000000001,22.24,42.0,Mongolia
33,SYR,Syrian Arab Republic,0.011000000000000001,3.0,35.5,0.023,6.02,38.5,Syrian
34,PER,Peru,0.011000000000000001,2.9,38.6,0.113,27.13,41.6,Peru
35,VNM,Viet Nam,0.013000000000000001,3.6,36.9,0.036000000000000004,8.79,41.4,Viet
36,ZAF,South Africa,0.013999999999999999,3.6,37.4,0.068,17.17,39.7,South
37,NIC,Nicaragua,0.015,3.8,40.0,0.15,32.81,45.8,Nicaragua
38,BRA,Brazil,0.016,4.1,38.3,0.054000000000000006,11.96,45.1,Brazil
39,TTO,Trinidad and Tobago,0.018000000000000002,5.4,33.6,,5.66,35.4,Trinidad
40,BTN,Bhutan,0.019,4.7,39.5,0.159,35.98,44.2,Bhutan
41,BOL,"Bolivia, Plurinational State of",0.019,4.9,39.4,0.191,42.98,44.4,"Bolivia,"
42,TJK,Tajikistan,0.02,5.5,36.3,0.065,15.63,41.3,Tajikistan
43,SWZ,Swaziland,0.02,5.2,39.4,0.083,19.84,41.7,Swaziland
44,HND,Honduras,0.022000000000000002,5.2,41.6,0.11900000000000001,25.67,46.5,Honduras
45,IRQ,Iraq,0.027999999999999997,7.7,36.0,0.083,20.48,40.6,Iraq
46,KHM,Cambodia,0.027999999999999997,7.1,39.4,0.16899999999999998,38.06,44.5,Cambodia
47,DOM,Dominican Republic,0.028999999999999998,7.9,37.2,0.048,11.69,41.0,Dominican
48,NPL,Nepal,0.031,7.0,43.8,0.147,33.13,44.2,Nepal
50,ZWE,Zimbabwe,0.034,8.7,39.3,0.20199999999999999,46.27,43.7,Zimbabwe
52,VUT,Vanuatu,0.039,9.8,39.3,0.155,36.13,43.0,Vanuatu
53,IDN,Indonesia,0.039,10.2,38.7,0.09300000000000001,20.69,45.0,Indonesia
54,MMR,Myanmar,0.04,9.6,41.7,0.168,37.46,44.8,Myanmar
55,LSO,Lesotho,0.044000000000000004,11.0,39.8,0.179,40.43,44.3,Lesotho
56,GAB,Gabon,0.044000000000000004,10.9,40.7,0.209,46.55,44.8,Gabon
57,GTM,Guatemala,0.048,10.7,44.5,0.161,35.05,45.9,Guatemala
58,IND,India,0.064,14.8,43.3,0.25,53.49,46.7,India
59,STP,Sao Tome and Principe,0.067,15.9,42.3,0.11,26.18,42.1,Sao
