ISO country code,Country,World region,MPI National,MPI Regional,Headcount Ratio Regional,Intensity of deprivation Regional
AFG,Afghanistan,South Asia,0.295,0.3098529411764706,58.599999999999994,51.90882352941178
BDI,Burundi,Sub-Saharan Africa,0.4539999999999999,0.41180000000000005,74.46,54.1
BEN,Benin,Sub-Saharan Africa,0.307,0.32033333333333336,64.78333333333333,48.550000000000004
BFA,Burkina Faso,Sub-Saharan Africa,0.535,0.5476923076923077,85.8923076923077,62.93076923076922
BGD,Bangladesh,South Asia,0.19599999999999998,0.20828571428571432,43.81428571428571,47.21428571428572
BLZ,Belize,Latin America and Caribbean,0.018,0.020142857142857146,5.057142857142857,39.028571428571425
BOL,"Bolivia, Plurinational State of",Latin America and Caribbean,0.089,0.09755555555555555,22.311111111111117,43.099999999999994
BRA,Brazil,Latin America and Caribbean,0.021000000000000005,0.02725925925925927,6.451851851851852,41.17037037037038
BTN,Bhutan,South Asia,0.11900000000000004,0.12347368421052636,28.478947368421053,42.67368421052631
CAF,Central African Republic,Sub-Saharan Africa,0.42999999999999994,0.4535,81.73750000000001,55.0625
CHN,China,East Asia and the Pacific,0.017,0.018333333333333337,4.3999999999999995,41.0
CIV,Cote d'Ivoire,Sub-Saharan Africa,0.31,0.34800000000000003,64.25454545454546,53.17272727272727
CMR,Cameroon,Sub-Saharan Africa,0.24800000000000008,0.2028333333333333,40.00833333333334,46.61666666666667
COD,"Congo, Democratic Republic of the",Sub-Saharan Africa,0.40099999999999986,0.39563636363636356,74.02727272727272,52.75454545454544
COG,"Congo, Republic of",Sub-Saharan Africa,0.18100000000000002,0.26558333333333334,56.06666666666666,46.81666666666666
COL,Colombia,Latin America and Caribbean,0.022000000000000002,0.025125,6.1125,39.137499999999996
COM,Comoros,Sub-Saharan Africa,0.17300000000000001,0.18299999999999997,38.46666666666667,47.03333333333333
DJI,Djibouti,Arab States,0.139,0.16949999999999998,35.4,47.75
DOM,Dominican Republic,Latin America and Caribbean,0.03400000000000001,0.0416,10.42,39.23
ECU,Ecuador,Latin America and Caribbean,0.013000000000000001,0.018250000000000002,4.5249999999999995,38.425
EGY,Egypt,Arab States,0.014000000000000007,0.013680000000000003,3.588,37.239999999999995
ETH,Ethiopia,Sub-Saharan Africa,0.564,0.49227272727272736,76.73636363636363,62.21818181818182
GAB,Gabon,Sub-Saharan Africa,0.07000000000000002,0.12489999999999998,28.1,43.05
GHA,Ghana,Sub-Saharan Africa,0.15599999999999997,0.1835,39.38,45.480000000000004
GIN,Guinea,Sub-Saharan Africa,0.459,0.479875,77.9,59.975
GMB,Gambia,Sub-Saharan Africa,0.32299999999999995,0.34775,63.5375,52.8
GNB,Guinea-Bissau,Sub-Saharan Africa,0.371,0.4077777777777778,73.4,54.488888888888894
GTM,Guatemala,Latin America and Caribbean,0.113,0.11395652173913046,25.0,44.94347826086957
GUY,Guyana,Latin America and Caribbean,0.013,0.03733333333333333,9.044444444444444,39.05555555555556
HND,Honduras,Latin America and Caribbean,0.07200000000000004,0.08911111111111111,19.477777777777774,44.94444444444445
HTI,Haiti,Latin America and Caribbean,0.24800000000000005,0.2938,58.03000000000001,50.38
IDN,Indonesia,East Asia and the Pacific,0.06600000000000003,0.08415151515151516,18.62121212121213,43.781818181818174
IRQ,Iraq,Arab States,0.04500000000000001,0.05022222222222222,12.855555555555556,38.42777777777778
JAM,Jamaica,Latin America and Caribbean,0.007000000000000002,0.007571428571428572,1.9428571428571426,38.778571428571425
JOR,Jordan,Arab States,0.006000000000000001,0.006333333333333333,1.866666666666667,34.86666666666667
KEN,Kenya,Sub-Saharan Africa,0.18700000000000003,0.20937500000000003,42.224999999999994,46.875
KHM,Cambodia,East Asia and the Pacific,0.14599999999999996,0.1640526315789474,36.27368421052631,44.27894736842106
LAO,Lao People's Democratic Republic,East Asia and the Pacific,0.17399999999999996,0.18352941176470586,36.199999999999996,49.105882352941165
LBR,Liberia,Sub-Saharan Africa,0.37399999999999994,0.43386666666666673,80.44666666666669,53.56000000000002
LSO,Lesotho,Sub-Saharan Africa,0.14000000000000004,0.16340000000000005,36.760000000000005,43.74
MAR,Morocco,Arab States,0.06699999999999998,0.06307142857142858,14.592857142857142,42.13571428571429
MDG,Madagascar,Sub-Saharan Africa,0.35700000000000015,0.3901818181818182,72.00909090909092,53.66363636363636
MLI,Mali,Sub-Saharan Africa,0.457,0.44483333333333336,75.51666666666667,57.48333333333333
MMR,Myanmar,East Asia and the Pacific,0.13399999999999995,0.13433333333333333,29.9,44.25333333333333
MNG,Mongolia,East Asia and the Pacific,0.040999999999999995,0.0512,12.440000000000001,39.94
MOZ,Mozambique,Sub-Saharan Africa,0.38900000000000007,0.34736363636363643,63.472727272727276,52.809090909090905
MRT,Mauritania,Sub-Saharan Africa,0.28500000000000003,0.2873333333333334,52.541666666666664,52.00833333333335
MWI,Malawi,Sub-Saharan Africa,0.2510000000000001,0.23509375000000005,50.76562500000001,45.565625000000004
NAM,Namibia,Sub-Saharan Africa,0.19300000000000003,0.18792307692307697,40.7,44.8
NER,Niger,Sub-Saharan Africa,0.605,0.543375,83.4625,63.75
NGA,Nigeria,Sub-Saharan Africa,0.3030000000000002,0.2588108108108108,46.729729729729726,50.25675675675676
NIC,Nicaragua,Latin America and Caribbean,0.07200000000000004,0.08358823529411766,18.65294117647059,43.1529411764706
NPL,Nepal,South Asia,0.12599999999999995,0.13680000000000003,31.119999999999997,43.199999999999996
PAK,Pakistan,South Asia,0.23,0.23316666666666666,44.43333333333333,50.76666666666666
PER,Peru,Latin America and Caribbean,0.04300000000000001,0.05308000000000001,12.911999999999995,40.16250000000001
PHL,Philippines,East Asia and the Pacific,0.05200000000000002,0.061823529411764715,12.623529411764707,47.54705882352942
RWA,Rwanda,Sub-Saharan Africa,0.259,0.2428,50.74,47.440000000000005
SDN,Sudan,Arab States,0.287,0.32338888888888895,58.933333333333344,52.96111111111111
SEN,Senegal,Sub-Saharan Africa,0.331,0.35075,62.175,55.45
SLE,Sierra Leone,Sub-Saharan Africa,0.46400000000000013,0.48107142857142854,83.5,56.907142857142865
SLV,El Salvador,Latin America and Caribbean,0.026000000000000006,0.03150000000000001,7.657142857142856,41.17142857142857
SSD,South Sudan,Sub-Saharan Africa,0.557,0.5497777777777778,90.55555555555556,60.32222222222222
STP,Sao Tome and Principe,Sub-Saharan Africa,0.081,0.1,23.625,42.125
SUR,Suriname,Latin America and Caribbean,0.023999999999999997,0.033499999999999995,8.169999999999998,37.82
SWZ,Swaziland,Sub-Saharan Africa,0.066,0.0735,17.6,41.5
SYR,Syrian Arab Republic,Arab States,0.016000000000000007,0.014642857142857147,3.9071428571428575,36.53571428571429
TCD,Chad,Sub-Saharan Africa,0.5519999999999998,0.5829047619047618,89.91428571428571,64.0904761904762
TGO,Togo,Sub-Saharan Africa,0.252,0.27233333333333337,53.78333333333334,48.916666666666664
TJK,Tajikistan,Europe and Central Asia,0.054000000000000006,0.0466,11.639999999999999,39.32000000000001
TLS,Timor-Leste,East Asia and the Pacific,0.36,0.3727692307692307,70.37692307692308,52.3
TTO,Trinidad and Tobago,Latin America and Caribbean,0.02,0.020800000000000003,5.8,35.2
TZA,"Tanzania, United Republic of",Sub-Saharan Africa,0.284,0.26633333333333337,53.888888888888886,48.788888888888884
UGA,Uganda,Sub-Saharan Africa,0.36700000000000005,0.3753,69.61,52.58
UZB,Uzbekistan,Europe and Central Asia,0.008,0.007500000000000001,2.0833333333333335,35.21666666666667
VNM,Viet Nam,East Asia and the Pacific,0.028999999999999998,0.034166666666666665,8.2,40.23333333333333
YEM,Yemen,Arab States,0.23600000000000002,0.22595238095238096,44.76190476190476,48.938095238095244
ZMB,Zambia,Sub-Saharan Africa,0.2810000000000001,0.31220000000000003,62.05,49.56
ZWE,Zimbabwe,Sub-Saharan Africa,0.15199999999999997,0.15139999999999998,34.87,42.480000000000004
