,ISO,Country,MPI Urban,Headcount Ratio Urban,Intensity of Deprivation Urban,MPI Rural,Headcount Ratio Rural,Intensity of Deprivation Rural,first name
0,KAZ,Kazakhstan,0.0,0.0,33.3,0.0,0.09,33.3,Kazakhstan
1,SRB,Serbia,,0.1,41.4,0.002,0.5,40.3,Serbia
2,KGZ,Kyrgyzstan,,0.1,40.2,0.003,0.7,37.1,Kyrgyzstan
3,TUN,Tunisia,,0.1,35.6,0.012,3.18,38.7,Tunisia
4,ARM,Armenia,0.001,0.2,33.3,0.001,0.39,36.9,Armenia
5,MKD,"Macedonia, The former Yugoslav Republic of",0.001,0.3,36.3,0.004,1.17,35.5,"Macedonia,"
6,TKM,Turkmenistan,0.001,0.4,33.9,0.001,0.32,34.3,Turkmenistan
7,MDA,"Moldova, Republic of",0.001,0.3,42.2,0.003,1.01,34.7,"Moldova,"
9,MNE,Montenegro,0.002,0.4,47.2,0.0,0.09,41.1,Montenegro
10,LCA,Saint Lucia,0.002,0.5,36.7,0.004,1.05,35.2,Saint
11,MEX,Mexico,0.002,0.5,38.0,0.013999999999999999,3.37,41.1,Mexico
12,THA,Thailand,0.002,0.6,37.1,0.004,1.07,36.5,Thailand
13,BIH,Bosnia and Herzegovina,0.002,0.6,,0.002,0.44,38.0,Bosnia
14,DZA,Algeria,0.003,0.7,36.9,0.011000000000000001,2.7,40.0,Algeria
15,ALB,Albania,0.003,0.8,37.7,0.006999999999999999,1.87,37.7,Albania
16,UKR,Ukraine,0.003,1.0,33.7,0.006,1.77,36.3,Ukraine
17,BRB,Barbados,0.004,1.1,34.2,0.002,0.57,34.3,Barbados
19,PSE,"Palestine, State ofa",0.004,1.1,38.5,0.003,0.88,36.2,Palestine
22,MDV,Maldives,0.005,1.6,33.3,0.024,6.76,35.8,Maldives
30,AZE,Azerbaijan,0.009000000000000001,2.5,37.1,0.035,8.8,40.2,Azerbaijan
36,ZAF,South Africa,0.013999999999999999,3.6,37.4,0.068,17.17,39.7,South
52,VUT,Vanuatu,0.039,9.8,39.3,0.155,36.13,43.0,Vanuatu
58,IND,India,0.064,14.8,43.3,0.25,53.49,46.7,India
99,SOM,Somalia,0.293,55.9,52.4,0.6509999999999999,96.92,67.2,Somalia
