Afghanistan,51.90882352941178
Bangladesh,47.21428571428572
Belize,39.028571428571425
Benin,48.550000000000004
Bhutan,42.67368421052631
"Bolivia, Plurinational State of",43.099999999999994
Brazil,41.17037037037038
Burkina Faso,62.93076923076922
Burundi,54.1
Cambodia,44.27894736842106
Cameroon,46.61666666666667
Central African Republic,55.0625
Chad,64.0904761904762
China,41.0
Colombia,39.137499999999996
Comoros,47.03333333333333
"Congo, Democratic Republic of the",52.75454545454544
"Congo, Republic of",46.81666666666666
Cote d'Ivoire,53.17272727272727
Djibouti,47.75
Dominican Republic,39.23
Ecuador,38.425
Egypt,37.239999999999995
El Salvador,41.17142857142857
Ethiopia,62.21818181818182
Gabon,43.05
Gambia,52.8
Ghana,45.480000000000004
Guatemala,44.94347826086957
Guinea,59.975
Guinea-Bissau,54.488888888888894
Guyana,39.05555555555556
Haiti,50.38
Honduras,44.94444444444445
Indonesia,43.781818181818174
Iraq,38.42777777777778
Jamaica,38.778571428571425
Jordan,34.86666666666667
Kenya,46.875
Lao People's Democratic Republic,49.105882352941165
Lesotho,43.74
Liberia,53.56000000000002
Madagascar,53.66363636363636
Malawi,45.565625000000004
Mali,57.48333333333333
Mauritania,52.00833333333335
Mongolia,39.94
Morocco,42.13571428571429
Mozambique,52.809090909090905
Myanmar,44.25333333333333
Namibia,44.8
Nepal,43.199999999999996
Nicaragua,43.1529411764706
Niger,63.75
Nigeria,50.25675675675676
Pakistan,50.76666666666666
Peru,40.16250000000001
Philippines,47.54705882352942
Rwanda,47.440000000000005
Sao Tome and Principe,42.125
Senegal,55.45
Sierra Leone,56.907142857142865
South Sudan,60.32222222222222
Sudan,52.96111111111111
Suriname,37.82
Swaziland,41.5
Syrian Arab Republic,36.53571428571429
Tajikistan,39.32000000000001
"Tanzania, United Republic of",48.788888888888884
Timor-Leste,52.3
Togo,48.916666666666664
Trinidad and Tobago,35.2
Uganda,52.58
Uzbekistan,35.21666666666667
Viet Nam,40.23333333333333
Yemen,48.938095238095244
Zambia,49.56
Zimbabwe,42.480000000000004
